<?xml version="1.0" encoding="UTF-8"?>
<!DOCTYPE fontscolors PUBLIC "-//NetBeans//DTD Editor Fonts and Colors settings 1.1//EN" "http://www.netbeans.org/dtds/EditorFontsColors-1_1.dtd">
<fontscolors>
    <fontcolor foreColor="ff666666" name="code-folding"/>
    <fontcolor name="caret-color-insert-mode"/>
    <fontcolor bgColor="ffe0e8f1" foreColor="black" name="block-search"/>
    <fontcolor foreColor="white" name="text-limit-line-color"/>
    <fontcolor bgColor="yellow" foreColor="red" name="nbeditor-bracesMatching-match-multichar"/>
    <fontcolor bgColor="ffe9e8e2" foreColor="darkGray" name="line-number"/>
    <fontcolor foreColor="blue" name="hyperlinks" underline="blue"/>
    <fontcolor bgColor="ffdde8ff" name="highlight-caret-row"/>
    <fontcolor foreColor="red" name="status-bar-bold"/>
    <fontcolor bgColor="ffbacbe3" name="selection"/>
    <fontcolor name="status-bar"/>
    <fontcolor bgColor="ff0080ff" foreColor="black" name="inc-search"/>
    <fontcolor foreColor="ffcc0099" name="synchronized-text-blocks-ext"/>
    <fontcolor foreColor="ff666666" name="code-folding-bar"/>
    <fontcolor bgColor="ffa4ffa4" foreColor="black" name="highlight-search"/>
    <fontcolor bgColor="ffd83636" name="nbeditor-bracesMatching-mismatch-multichar"/>
    <fontcolor foreColor="ff996600" name="synchronized-text-blocks-ext-slave"/>
    <fontcolor name="guarded"/>
    <fontcolor bgColor="yellow" foreColor="red" name="nbeditor-bracesMatching-match"/>
    <fontcolor bgColor="ffd83636" name="nbeditor-bracesMatching-mismatch"/>
</fontscolors>
