<?xml version="1.0" encoding="UTF-8"?>
<!DOCTYPE fontscolors PUBLIC "-//NetBeans//DTD Editor Fonts and Colors settings 1.1//EN" "http://www.netbeans.org/dtds/EditorFontsColors-1_1.dtd">
<fontscolors>
    <fontcolor bgColor="ffa6caf0" default="default" name="sgml-declaration"/>
    <fontcolor default="markup-attribute" foreColor="red" name="argument"/>
    <fontcolor default="default" name="text"/>
    <fontcolor name="mod-method"/>
    <fontcolor default="error" name="error"/>
    <fontcolor bgColor="ffe3f2e1" default="default" name="css-embedded"/>
    <fontcolor default="markup-element" name="tag"/>
    <fontcolor default="comment" name="sgml-comment"/>
    <fontcolor default="whitespace" name="ws"/>
    <fontcolor default="argument" foreColor="red" name="operator"/>
    <fontcolor default="entity-reference" name="character"/>
    <fontcolor bgColor="ffe3f2e1" default="default" name="javascript-embedded"/>
    <fontcolor default="markup-attribute-value" foreColor="ff8000ff" name="value"/>
    <fontcolor default="comment" name="block-comment"/>
</fontscolors>
